{
    "AHP01": [
        0.27128907474505504,
        0.39216907456830463
    ],
    "AHP02": [
        0.1446276867246894,
        0.2824952165620207
    ],
    "BAS01": [
        0.11850999269296059,
        0.7643642857020034
    ],
    "BAS02": [
        0.7896963076707415,
        0.2486913017983985
    ],
    "BRD01": [
        0.597847622878239,
        0.010700420655737397
    ],
    "BRI01": [
        0.013858349963240868,
        0.2949202226138149
    ],
    "CHA01": [
        0.5891776788836817,
        0.3238127607598563
    ],
    "CHI01": [
        0.051048474558711754,
        0.18006350157341633
    ],
    "COL01": [
        0.18823614905444053,
        0.621606861631133
    ],
    "CUR01": [
        0.3533279958141158,
        0.11119282394228369
    ],
    "EDD01": [
        0.536940187953864,
        0.14013531811008706
    ],
    "EDD01-GW": [
        0.5033203758033198,
        0.461297971201756
    ],
    "EDD02": [
        0.7458159498414603,
        0.6270103503497417
    ],
    "HER01": [
        0.529009549635877,
        0.4582573643428286
    ],
    "HER02": [
        0.49573032917196325,
        0.20535105141157417
    ],
    "HGR01": [
        0.06383336366612813,
        0.5974499776410299
    ],
    "HMN01": [
        1.0281091132097253,
        0.9376383722756213
    ],
    "HMP01": [
        0.8809569571269736,
        0.7726694391584625
    ],
    "INK01": [
        0.45685466259931384,
        0.7497404596370653
    ],
    "LOL01": [
        0.27427990177249484,
        0.7379419954839251
    ],
    "PEA01": [
        0.30746166056742774,
        0.3615042628116423
    ],
    "PGB01": [
        0.3500020499026508,
        0.030979928804508616
    ],
    "PGB01-GW": [
        0.22007272185390758,
        0.8621906890677632
    ],
    "SFD01": [
        0.4391194748759889,
        0.8789828930093767
    ],
    "SHE01": [
        0.3700856360082795,
        0.9061269188481872
    ],
    "SLY01": [
        0.8441994426608631,
        0.8915387667843881
    ],
    "TID01": [
        0.18352836642373727,
        0.342930601477197
    ],
    "UBK01": [
        0.6562159086086972,
        0.33744611789561807
    ],
    "WIC01": [
        0.49320968769464146,
        0.05726267792718487
    ],
    "WSM01": [
        0.3334535947507219,
        0.8586357371953109
    ],
    "WTB01": [
        0.514785706543323,
        0.12859485751037492
    ],
    "YAT01": [
        0.2943112346636815,
        0.6454125645120037
    ]
}