{
    "AHP01": [
        0.9170862889873677,
        0.8002922544673795
    ],
    "AHP02": [
        0.05577692851845262,
        0.09659634591151611
    ],
    "BAS01": [
        0.7015044174383213,
        0.3523677009281869
    ],
    "BAS02": [
        0.18755105930006855,
        0.1143177164757998
    ],
    "BRD01": [
        0.7916510440191996,
        0.7773463729010578
    ],
    "BRI01": [
        0.5555718094626515,
        0.6560189493789955
    ],
    "CHA01": [
        0.6112431980275898,
        0.6942395455356467
    ],
    "CHI01": [
        0.4495578899920515,
        0.8777991110129253
    ],
    "COL01": [
        0.4244475040250979,
        0.09938070128401144
    ],
    "CUR01": [
        0.724833978269222,
        0.38939273452627654
    ],
    "EDD01": [
        0.6279961872364739,
        0.3271375734164982
    ],
    "EDD01-GW": [
        0.04243051254921748,
        0.22809778131809744
    ],
    "HER01": [
        0.6561688292907047,
        0.44657683257976055
    ],
    "HER02": [
        0.7681468635950477,
        0.7354926757913766
    ],
    "HGR01": [
        0.16075772588624715,
        0.9876898384248742
    ],
    "HMN01": [
        0.8683420476643926,
        0.23200974488046078
    ],
    "HMP01": [
        0.35525942381005926,
        0.024769704817821037
    ],
    "INK01": [
        0.1603556311986386,
        0.057589736022641946
    ],
    "LOL01": [
        0.7655720038244694,
        0.44273922440760194
    ],
    "PEA01": [
        0.3243122834467357,
        0.5467420128089204
    ],
    "PGB01": [
        0.2103162536502552,
        0.5997604043260166
    ],
    "PGB01-GW": [
        0.4184663047073316,
        0.44332671204145346
    ],
    "SFD01": [
        0.6390736104166438,
        0.25122714082022446
    ],
    "SHE01": [
        0.4222533900904015,
        0.5499544829195415
    ],
    "SLY01": [
        0.14901357936511306,
        0.7353502696188561
    ],
    "TID01": [
        0.36808142616129114,
        0.2954173844188621
    ],
    "UBK01": [
        0.6424684326991115,
        0.7585099524578799
    ],
    "WIC01": [
        0.7224839683446858,
        0.6931687101684032
    ],
    "WSM01": [
        0.4174056457713132,
        0.002408205070653313
    ],
    "WTB01": [
        0.6526862506306542,
        0.5480988255512989
    ],
    "YAT01": [
        0.17512503490378428,
        0.5915178340052618
    ]
}