{
    "R1": [
        0.3458605255666406,
        0.6222676493404914
    ],
    "R2": [
        0.7112972372885882,
        0.887568162006355
    ],
    "R3": [
        0.9250638145073921,
        0.10611475203990739
    ],
    "R4-GW": [
        0.9583820109319412,
        0.006327401477170702
    ],
    "R5": [
        0.12744316574723247,
        0.7210633869033816
    ],
    "R6": [
        0.42141516944441204,
        0.5521040375548921
    ]
}